{
  "Horizontal Spacing" : 1,
  "Tags" : [

  ],
  "Ansi 12 Color" : {
    "Green Component" : 0.64410710334777832,
    "Red Component" : 0.32856267690658569,
    "Blue Component" : 0.95445334911346436
  },
  "Use Non-ASCII Font" : false,
  "Ansi 6 Color" : {
    "Green Component" : 0.44183778762817383,
    "Red Component" : 0.056145597249269485,
    "Blue Component" : 0.48725795745849609
  },
  "Bold Color" : {
    "Green Component" : 0.078879080712795258,
    "Red Component" : 0.718147873878479,
    "Blue Component" : 0.12038997560739517
  },
  "Normal Font" : "MesloLGMDZForPowerline-Regular 14",
  "Ansi 3 Color" : {
    "Green Component" : 0.59536725282669067,
    "Red Component" : 0.96285504102706909,
    "Blue Component" : 0.11582206189632416
  },
  "Ansi 2 Color" : {
    "Green Component" : 0.4825465977191925,
    "Red Component" : 0.27130207419395447,
    "Blue Component" : 0.13958784937858582
  },
  "Rows" : 30,
  "Default Bookmark" : "No",
  "Right Option Key Sends" : 0,
  "Cursor Guide Color" : {
    "Red Component" : 0.70213186740875244,
    "Color Space" : "sRGB",
    "Blue Component" : 1,
    "Alpha Component" : 0.25,
    "Green Component" : 0.9268307089805603
  },
  "Non-ASCII Anti Aliased" : true,
  "Use Bright Bold" : true,
  "Ansi 10 Color" : {
    "Green Component" : 0.73019099235534668,
    "Red Component" : 0.47961589694023132,
    "Blue Component" : 0.22740326821804047
  },
  "Ambiguous Double Width" : false,
  "Jobs to Ignore" : [
    "rlogin",
    "ssh",
    "slogin",
    "telnet"
  ],
  "Ansi 15 Color" : {
    "Green Component" : 0.84936714172363281,
    "Red Component" : 0.8493925929069519,
    "Blue Component" : 0.84938156604766846
  },
  "Foreground Color" : {
    "Green Component" : 0.13542565703392029,
    "Red Component" : 0.13533444702625275,
    "Blue Component" : 0.13233847916126251
  },
  "Bound Hosts" : [

  ],
  "Working Directory" : "\/Users\/guanghuiw",
  "Blinking Cursor" : false,
  "Disable Window Resizing" : true,
  "Sync Title" : false,
  "Prompt Before Closing 2" : false,
  "BM Growl" : true,
  "Command" : "",
  "Description" : "Default",
  "Mouse Reporting" : true,
  "Screen" : -1,
  "Selection Color" : {
    "Green Component" : 0.76019245386123657,
    "Red Component" : 0.76021528244018555,
    "Blue Component" : 0.76020538806915283
  },
  "Columns" : 120,
  "Idle Code" : 0,
  "Ansi 13 Color" : {
    "Green Component" : 0.30266252160072327,
    "Red Component" : 0.66606861352920532,
    "Blue Component" : 0.73656630516052246
  },
  "Custom Command" : "Yes",
  "ASCII Anti Aliased" : true,
  "Non Ascii Font" : "Monaco 12",
  "Vertical Spacing" : 1,
  "Use Bold Font" : true,
  "Option Key Sends" : 0,
  "Selected Text Color" : {
    "Green Component" : 0.30725079774856567,
    "Red Component" : 0.30725997686386108,
    "Blue Component" : 0.30725601315498352
  },
  "Background Color" : {
    "Green Component" : 0.91764706373214722,
    "Red Component" : 0.91764706373214722,
    "Blue Component" : 0.91764706373214722
  },
  "Character Encoding" : 4,
  "Ansi 11 Color" : {
    "Green Component" : 0.91622048616409302,
    "Red Component" : 0.99857872724533081,
    "Blue Component" : 0.18199658393859863
  },
  "Use Italic Font" : true,
  "Unlimited Scrollback" : false,
  "Keyboard Map" : {
    "0xf700-0x260000" : {
      "Action" : 10,
      "Text" : "[1;6A"
    },
    "0x37-0x40000" : {
      "Action" : 11,
      "Text" : "0x1f"
    },
    "0x32-0x40000" : {
      "Action" : 11,
      "Text" : "0x00"
    },
    "0xf709-0x20000" : {
      "Action" : 10,
      "Text" : "[17;2~"
    },
    "0xf70c-0x20000" : {
      "Action" : 10,
      "Text" : "[20;2~"
    },
    "0xf729-0x20000" : {
      "Action" : 10,
      "Text" : "[1;2H"
    },
    "0xf72b-0x40000" : {
      "Action" : 10,
      "Text" : "[1;5F"
    },
    "0xf705-0x20000" : {
      "Action" : 10,
      "Text" : "[1;2Q"
    },
    "0xf703-0x260000" : {
      "Action" : 10,
      "Text" : "[1;6C"
    },
    "0xf700-0x220000" : {
      "Action" : 10,
      "Text" : "[1;2A"
    },
    "0xf701-0x280000" : {
      "Action" : 11,
      "Text" : "0x1b 0x1b 0x5b 0x42"
    },
    "0x38-0x40000" : {
      "Action" : 11,
      "Text" : "0x7f"
    },
    "0x33-0x40000" : {
      "Action" : 11,
      "Text" : "0x1b"
    },
    "0xf703-0x220000" : {
      "Action" : 10,
      "Text" : "[1;2C"
    },
    "0xf701-0x240000" : {
      "Action" : 10,
      "Text" : "[1;5B"
    },
    "0xf70d-0x20000" : {
      "Action" : 10,
      "Text" : "[21;2~"
    },
    "0xf702-0x260000" : {
      "Action" : 10,
      "Text" : "[1;6D"
    },
    "0xf729-0x40000" : {
      "Action" : 10,
      "Text" : "[1;5H"
    },
    "0xf706-0x20000" : {
      "Action" : 10,
      "Text" : "[1;2R"
    },
    "0x34-0x40000" : {
      "Action" : 11,
      "Text" : "0x1c"
    },
    "0xf700-0x280000" : {
      "Action" : 11,
      "Text" : "0x1b 0x1b 0x5b 0x41"
    },
    "0x2d-0x40000" : {
      "Action" : 11,
      "Text" : "0x1f"
    },
    "0xf70e-0x20000" : {
      "Action" : 10,
      "Text" : "[23;2~"
    },
    "0xf702-0x220000" : {
      "Action" : 10,
      "Text" : "[1;2D"
    },
    "0xf703-0x280000" : {
      "Action" : 11,
      "Text" : "0x1b 0x1b 0x5b 0x43"
    },
    "0xf700-0x240000" : {
      "Action" : 10,
      "Text" : "[1;5A"
    },
    "0xf707-0x20000" : {
      "Action" : 10,
      "Text" : "[1;2S"
    },
    "0xf70a-0x20000" : {
      "Action" : 10,
      "Text" : "[18;2~"
    },
    "0x35-0x40000" : {
      "Action" : 11,
      "Text" : "0x1d"
    },
    "0xf70f-0x20000" : {
      "Action" : 10,
      "Text" : "[24;2~"
    },
    "0xf703-0x240000" : {
      "Action" : 10,
      "Text" : "[1;5C"
    },
    "0xf701-0x260000" : {
      "Action" : 10,
      "Text" : "[1;6B"
    },
    "0xf702-0x280000" : {
      "Action" : 11,
      "Text" : "0x1b 0x1b 0x5b 0x44"
    },
    "0xf72b-0x20000" : {
      "Action" : 10,
      "Text" : "[1;2F"
    },
    "0x36-0x40000" : {
      "Action" : 11,
      "Text" : "0x1e"
    },
    "0xf708-0x20000" : {
      "Action" : 10,
      "Text" : "[15;2~"
    },
    "0xf701-0x220000" : {
      "Action" : 10,
      "Text" : "[1;2B"
    },
    "0xf70b-0x20000" : {
      "Action" : 10,
      "Text" : "[19;2~"
    },
    "0xf702-0x240000" : {
      "Action" : 10,
      "Text" : "[1;5D"
    },
    "0xf704-0x20000" : {
      "Action" : 10,
      "Text" : "[1;2P"
    }
  },
  "Window Type" : 0,
  "Cursor Boost" : 0,
  "Initial Text" : "\/bin\/zsh --login",
  "Background Image Location" : "",
  "Blur" : false,
  "Badge Color" : {
    "Red Component" : 1,
    "Color Space" : "sRGB",
    "Blue Component" : 0,
    "Alpha Component" : 0.5,
    "Green Component" : 0.1491314172744751
  },
  "Scrollback Lines" : 1000,
  "Send Code When Idle" : false,
  "Close Sessions On End" : true,
  "Terminal Type" : "xterm-256color",
  "Visual Bell" : true,
  "Flashing Bell" : false,
  "Silence Bell" : false,
  "Ansi 14 Color" : {
    "Green Component" : 0.73243516683578491,
    "Red Component" : 0.14981316030025482,
    "Blue Component" : 0.82006889581680298
  },
  "Name" : "Copy of Default",
  "Cursor Text Color" : {
    "Green Component" : 0.17907498776912689,
    "Red Component" : 0.17897795140743256,
    "Blue Component" : 0.17576293647289276
  },
  "Shortcut" : "",
  "Cursor Color" : {
    "Green Component" : 0.6861264705657959,
    "Red Component" : 0.086931481957435608,
    "Blue Component" : 0.79186719655990601
  },
  "Transparency" : 0,
  "Guid" : "F6397181-5B59-464D-BB8C-0F8A6EFB8660",
  "Custom Directory" : "No",
  "Ansi 0 Color" : {
    "Green Component" : 0.12941177189350128,
    "Red Component" : 0.12941177189350128,
    "Blue Component" : 0.12941177189350128
  },
  "Ansi 4 Color" : {
    "Green Component" : 0.3064875602722168,
    "Red Component" : 0.07626015692949295,
    "Blue Component" : 0.69954341650009155
  },
  "Ansi 5 Color" : {
    "Green Component" : 0,
    "Red Component" : 0.33559250831604004,
    "Blue Component" : 0.53314954042434692
  },